note_exodus,exodus,society
note_exonerate,exonerate,society
note_exorbitant,exorbitant,abstract
note_exorcise,exorcise,arts
note_exotic,exotic,abstract
note_expand,expand,action
note_expanding,expanding,action
note_expanse,expanse,abstract
note_expansion,expansion,action
note_expansive,expansive,abstract
note_expatiate,expatiate,arts
note_expatriate,expatriate,society
note_expect,expect,mind
note_expectancy,expectancy,mind
note_expectation,expectation,mind
note_expediency,expediency,abstract
note_expedient,expedient,abstract
note_expedite,expedite,action
note_expedition,expedition,society
note_expeditious,expeditious,abstract
note_expel,expel,action
note_expend,expend,business
note_expenditure,expenditure,business
note_expense,expense,business
note_expenses,expenses,business
note_expensive,expensive,abstract
note_experience,experience,mind
note_experienced,experienced,mind
note_experiment,experiment,science
note_experimental,experimental,science
note_experimentally,experimentally,science
note_experimentation,experimentation,science
note_experiments,experiments,science
note_expert,expert,mind
note_expertise,expertise,mind
note_expiate,expiate,mind
note_expiation,expiation,mind
note_expiration,expiration,action
note_expire,expire,action
note_explain,explain,arts
note_explanation,explanation,arts
note_explicable,explicable,abstract
note_explicate,explicate,arts
note_explicit,explicit,abstract
note_explode,explode,action
note_exploit,exploit,action
note_exploitation,exploitation,abstract
note_exploration,exploration,action
note_explore,explore,action
note_explorer,explorer,society
note_explosion,explosion,action
note_explosive,explosive,action
note_exponent,exponent,abstract
note_exponential,exponential,science
note_exponentially,exponentially,science
note_export,export,business
note_expose,expose,action
note_exposition,exposition,arts
note_expository,expository,arts
note_expostulate,expostulate,arts
note_exposure,exposure,abstract
note_expound,expound,arts
note_express,express,action
note_expression,expression,arts
note_expressive,expressive,abstract
note_expressly,expressly,abstract
note_expropriate,expropriate,society
note_expulsion,expulsion,action
note_expunge,expunge,action
note_expurgate,expurgate,action
note_exquisite,exquisite,abstract
note_extant,extant,abstract
note_extemporaneous,extemporaneous,mind
note_extemporize,extemporize,mind
note_extend,extend,action
note_extended,extended,action
note_extension,extension,abstract
note_extensive,extensive,abstract
note_extent,extent,abstract
note_extenuate,extenuate,mind
note_exterior,exterior,abstract
note_exterminate,exterminate,action
note_external,external,abstract
note_externalize,externalize,mind
note_extinct,extinct,nature
note_extinction,extinction,nature
note_extinguish,extinguish,action
note_extirpation,extirpation,action
note_extol,extol,action
note_extort,extort,action
note_extra,extra,abstract
note_extract,extract,action
note_extraction,extraction,action
note_extracurricular,extracurricular,society
note_extradite,extradite,society
note_extraneous,extraneous,abstract
note_extraordinarily,extraordinarily,abstract
note_extraordinary,extraordinary,abstract
note_extrapolate,extrapolate,science
note_extravagance,extravagance,abstract
note_extravagant,extravagant,abstract
note_extreme,extreme,abstract
note_extremely,extremely,abstract
note_extremist,extremist,society
note_extremity,extremity,abstract
note_extricable,extricable,abstract
note_extricate,extricate,action
note_extrinsic,extrinsic,abstract
note_extrovert,extrovert,mind
note_extrude,extrude,action
note_exuberance,exuberance,mind
note_exuberant,exuberant,mind
note_exude,exude,action
note_exult,exult,mind
note_exultant,exultant,mind
note_eye,eye,life
note_eye-catching,eye-catching,abstract
note_eyebrow,eyebrow,life
note_eyesight,eyesight,life
note_eyewitness,eyewitness,society
note_f,f,abstract
note_fable,fable,arts
note_fabric,fabric,life
note_fabricate,fabricate,action
note_fabrication,fabrication,action
note_fabulous,fabulous,abstract
note_facade,facade,life
note_face,face,life
note_facelift,facelift,action
note_facet,facet,abstract
note_facetious,facetious,mind
note_facial,facial,life
note_facile,facile,abstract
note_facilitate,facilitate,action
note_facilitation,facilitation,action
note_facilities,facilities,business
note_facility,facility,business
note_facsimile,facsimile,tech
note_fact,fact,abstract
note_faction,faction,society
note_factious,factious,mind
note_factitious,factitious,abstract
note_factor,factor,business
note_factorable,factorable,abstract
note_factories,factories,business
note_factors,factors,business
note_factory,factory,business
note_factotum,factotum,society
note_factual,factual,abstract
note_faculty,faculty,mind
note_fad,fad,mind
note_faddish,faddish,mind
note_fade,fade,action
note_fag,fag,life
note_fagot,fagot,life
note_fahrenheit,fahrenheit,science
note_fail,fail,action
note_fail-safe,fail-safe,tech
note_failure,failure,abstract
note_faint,faint,mind
note_fainthearted,fainthearted,mind
note_fair,fair,abstract
note_fairly,fairly,abstract
note_fairness,fairness,abstract
note_fairy,fairy,arts
note_faith,faith,mind
note_faithful,faithful,mind
note_faithfulness,faithfulness,mind
note_fake,fake,abstract
note_falcon,falcon,nature
note_falconer,falconer,society
note_falcons,falcons,nature
note_fall,fall,action
note_fallacious,fallacious,abstract
note_fallacy,fallacy,mind
note_fallibility,fallibility,mind
note_fallible,fallible,mind
note_fallow,fallow,nature
note_false,false,abstract
note_falsehood,falsehood,abstract
note_falsify,falsify,action
note_falter,falter,action
note_fame,fame,mind
note_familiar,familiar,mind
note_familiarity,familiarity,mind
note_familiarize,familiarize,mind
note_families,families,society
note_family,family,society
note_famine,famine,society
note_famish,famish,life
note_famous,famous,mind
note_fan,fan,life
note_fanatic,fanatic,mind
note_fanatical,fanatical,mind
note_fanaticism,fanaticism,mind
note_fanciful,fanciful,mind
note_fancy,fancy,mind
note_fanfare,fanfare,arts
note_fang,fang,nature
note_fantasia,fantasia,arts
