note_spread spread,spread spread,nature
note_sprig sprig,sprig sprig,nature
note_sprightly sprightly,sprightly sprightly,mind
note_spring spring,spring spring,nature
note_springboard springboard,springboard springboard,action
note_springtime springtime,springtime springtime,nature
note_springwater springwater,springwater springwater,nature
note_sprinkle sprinkle,sprinkle sprinkle,action
note_sprint sprint,sprint sprint,action
note_sprout sprout,sprout sprout,nature
note_spruce spruce,spruce spruce,nature
note_spunk spunk,spunk spunk,mind
note_spur spur,spur spur,action
note_spurious spurious,spurious spurious,abstract
note_spurn spurn,spurn spurn,action
note_spurt spurt,spurt spurt,action
note_spy spy,spy spy,action
note_squabble squabble,squabble squabble,mind
note_squad squad,squad squad,society
note_squalid squalid,squalid squalid,life
note_squall squall,squall squall,nature
note_squalor squalor,squalor squalor,abstract
note_squander squander,squander squander,action
note_square square,square square,science
note_squarely squarely,squarely squarely,action
note_squash squash,squash squash,nature
note_squat squat,squat squat,action
note_squeak squeak,squeak squeak,action
note_squeamish squeamish,squeamish squeamish,mind
note_squeeze squeeze,squeeze squeeze,action
note_squelch squelch,squelch squelch,action
note_squid squid,squid squid,nature
note_squint squint,squint squint,mind
note_squirrel squirrel,squirrel squirrel,nature
note_squirt squirt,squirt squirt,action
note_stab stab,stab stab,action
note_stability stability,stability stability,abstract
note_stabilize stabilize,stabilize stabilize,action
note_stable stable,stable stable,life
note_staccato staccato,staccato staccato,arts
note_stack stack,stack stack,action
note_stadium stadium,stadium stadium,life
note_staff staff,staff staff,life
note_stage stage,stage stage,arts
note_stagecoach stagecoach,stagecoach stagecoach,life
note_stagger stagger,stagger stagger,action
note_staggering staggering,staggering staggering,abstract
note_stagnant stagnant,stagnant stagnant,abstract
note_stagy stagy,stagy stagy,arts
note_staid staid,staid staid,mind
note_stain stain,stain stain,action
note_stained stained,stained stained,abstract
note_stainless stainless,stainless stainless,abstract
note_stair stair,stair stair,life
note_staircase staircase,staircase staircase,life
note_stairs stairs,stairs stairs,life
note_stairway stairway,stairway stairway,life
note_stake stake,stake stake,abstract
note_stale stale,stale stale,life
note_stalemate stalemate,stalemate stalemate,abstract
note_stalk stalk,stalk stalk,action
note_stall stall,stall stall,action
note_stalwart stalwart,stalwart stalwart,mind
note_stamina stamina,stamina stamina,mind
note_stammer stammer,stammer stammer,action
note_stamp stamp,stamp stamp,action
note_stance stance,stance stance,abstract
note_stanch stanch,stanch stanch,action
note_stand stand,stand stand,action
note_standard standard,standard standard,abstract
note_standardize standardize,standardize standardize,action
note_standardized standardized,standardized standardized,abstract
note_standards standards,standards standards,abstract
note_standing standing,standing standing,abstract
note_standpoint standpoint,standpoint standpoint,abstract
note_standstill standstill,standstill standstill,abstract
note_stanza stanza,stanza stanza,arts
note_staple staple,staple staple,life
note_star star,star star,nature
note_star-crossed star-crossed,star-crossed star-crossed,abstract
note_starch starch,starch starch,nature
note_starchy starchy,starchy starchy,abstract
note_stardom stardom,stardom stardom,abstract
note_stare stare,stare stare,action
note_starfish starfish,starfish starfish,nature
note_stark stark,stark stark,abstract
note_start start,start start,action
note_starter starter,starter starter,life
note_starting starting,starting starting,abstract
note_startle startle,startle startle,mind
note_startling startling,startling startling,abstract
note_starvation starvation,starvation starvation,life
note_starve starve,starve starve,life
note_stash stash,stash stash,action
note_stasis stasis,stasis stasis,abstract
note_state state,state state,society
note_stately stately,stately stately,abstract
note_statement statement,statement statement,abstract
note_states states,states states,society
note_statesman statesman,statesman statesman,society
note_static static,static static,tech
note_station station,station station,life
note_stationary stationary,stationary stationary,action
note_stationery stationery,stationery stationery,life
note_stations stations,stations stations,life
note_statistical statistical,statistical statistical,science
note_statistics statistics,statistics statistics,science
note_statuary statuary,statuary statuary,arts
note_statue statue,statue statue,arts
note_stature stature,stature stature,abstract
note_status status,status status,abstract
note_statute statute,statute statute,society
note_statutory statutory,statutory statutory,society
note_stay stay,stay stay,action
note_steadfast steadfast,steadfast steadfast,mind
note_steadily steadily,steadily steadily,abstract
note_steady steady,steady steady,abstract
note_steak steak,steak steak,life
note_steal steal,steal steal,action
note_stealth stealth,stealth stealth,abstract
note_steam steam,steam steam,nature
note_steamer steamer,steamer steamer,tech
note_steel steel,steel steel,tech
note_steep steep,steep steep,abstract
note_steeple steeple,steeple steeple,arts
note_steer steer,steer steer,action
note_steering steering,steering steering,tech
note_stellar stellar,stellar stellar,science
note_stem stem,stem stem,nature
note_stench stench,stench stench,nature
note_stencil stencil,stencil stencil,arts
note_stentorian stentorian,stentorian stentorian,abstract
note_step step,step step,action
note_steps steps,steps steps,life
note_stereo stereo,stereo stereo,tech
note_stereophotograph stereophotograph,stereophotograph stereophotograph,tech
note_stereotype stereotype,stereotype stereotype,abstract
note_stereotyped stereotyped,stereotyped stereotyped,abstract
note_sterile sterile,sterile sterile,abstract
note_sterilize sterilize,sterilize sterilize,action
note_sterling sterling,sterling sterling,business
note_stern stern,stern stern,mind
note_stethoscope stethoscope,stethoscope stethoscope,tech
note_stew stew,stew stew,life
note_steward steward,steward steward,business
note_stewardess stewardess,stewardess stewardess,life
note_stick stick,stick stick,life
note_stickler stickler,stickler stickler,mind
note_stickpin stickpin,stickpin stickpin,life
note_sticky sticky,sticky sticky,abstract
note_stiff stiff,stiff stiff,abstract
note_stiffen stiffen,stiffen stiffen,action
note_stiffness stiffness,stiffness stiffness,abstract
note_stifle stifle,stifle stifle,action
note_stigma stigma,stigma stigma,abstract
note_stigmatize stigmatize,stigmatize stigmatize,action
note_still still,still still,abstract
note_stillness stillness,stillness stillness,abstract
note_stilt stilt,stilt stilt,life
note_stilted stilted,stilted stilted,abstract
note_stimulant stimulant,stimulant stimulant,mind
note_stimulate stimulate,stimulate stimulate,mind
note_stimulation stimulation,stimulation stimulation,mind
note_stimuli stimuli,stimuli stimuli,science
note_stimulus stimulus,stimulus stimulus,mind
note_sting sting,sting sting,action
note_stinginess stinginess,stinginess stinginess,mind
note_stingy stingy,stingy stingy,mind
note_stint stint,stint stint,abstract
note_stipend stipend,stipend stipend,business
note_stipple stipple,stipple stipple,arts
note_stipulate stipulate,stipulate stipulate,abstract
note_stipulation stipulation,stipulation stipulation,abstract
note_stir stir,stir stir,action
note_stitch stitch,stitch stitch,action
note_stock stock,stock stock,business
note_stockade stockade,stockade stockade,society
note_stockholder stockholder,stockholder stockholder,business
note_stocking stocking,stocking stocking,life
note_stocky stocky,stocky stocky,abstract
note_stodgy stodgy,stodgy stodgy,abstract
note_stoic stoic,stoic stoic,mind
note_stoke stoke,stoke stoke,action
note_stolid stolid,stolid stolid,mind
note_stomach stomach,stomach stomach,mind
note_stomachache stomachache,stomachache stomachache,mind
note_stone stone,stone stone,nature
note_stonemason stonemason,stonemason stonemason,life
note_stones stones,stones stones,nature
note_stonewall stonewall,stonewall stonewall,action
note_stony stony,stony stony,abstract
note_stool stool,stool stool,life
note_stoop stoop,stoop stoop,action
note_stop stop,stop stop,action
note_stopwatch stopwatch,stopwatch stopwatch,tech
note_storage storage,storage storage,tech
note_store store,store store,life
note_storehouse storehouse,storehouse storehouse,life
note_stores stores,stores stores,life
note_storey storey,storey storey,life
note_storm storm,storm storm,nature
note_stormy stormy,stormy stormy,nature
note_story story,story story,arts
note_stout stout,stout stout,abstract
note_stouthearted stouthearted,stouthearted stouthearted,mind
note_stove stove,stove stove,life
note_stowaway stowaway,stowaway stowaway,life
note_straggle straggle,straggle straggle,action
note_straight straight,straight straight,abstract
note_straighten straighten,straighten straighten,action
note_straightforward straightforward,straightforward straightforward,abstract
note_strain strain,strain strain,mind
note_strait strait,strait strait,nature
note_strand strand,strand strand,action
note_stranded stranded,stranded stranded,action
note_strange strange,strange strange,mind
note_stranger stranger,stranger stranger,society
note_strangler strangler,strangler strangler,action
note_strangulation strangulation,strangulation strangulation,action
note_strap strap,strap strap,life
note_strata strata,strata strata,science
note_stratagem stratagem,stratagem stratagem,abstract
note_strategic strategic,strategic strategic,abstract
note_strategy strategy,strategy strategy,abstract
note_stratify stratify,stratify stratify,action
note_stratum stratum,stratum stratum,science
note_straw straw,straw straw,nature
note_strawberry strawberry,strawberry strawberry,nature
note_stray stray,stray stray,action
note_streak streak,streak streak,action
note_stream stream,stream stream,nature
note_streamline streamline,streamline streamline,action
note_street street,street street,life
note_strength strength,strength strength,abstract
note_strengthen strengthen,strengthen strengthen,action
note_strenuous strenuous,strenuous strenuous,abstract
note_strenuously strenuously,strenuously strenuously,abstract
note_stress stress,stress stress,mind
note_stressful stressful,stressful stressful,mind
note_stretch stretch,stretch stretch,action
note_strew strew,strew strew,action
note_striate striate,striate striate,abstract
note_striated striated,striated striated,abstract
note_strict strict,strict strict,abstract
note_strictly strictly,strictly strictly,abstract
note_stricture stricture,stricture stricture,abstract
note_stride stride,stride stride,action
note_strident strident,strident strident,abstract
note_strife strife,strife strife,abstract
note_strike strike,strike strike,action
note_striking striking,striking striking,abstract
note_strikingly strikingly,strikingly strikingly,abstract
note_string string,string string,tech
note_stringent stringent,stringent stringent,abstract
note_strings strings,strings strings,arts
note_strip strip,strip strip,action
note_stripe stripe,stripe stripe,abstract
note_strive strive,strive strive,action
note_stroke stroke,stroke stroke,mind
note_stroll stroll,stroll stroll,action
note_strong strong,strong strong,abstract
note_stronger stronger,stronger stronger,abstract
note_strongly strongly,strongly strongly,abstract
note_structural structural,structural structural,abstract
note_structure structure,structure structure,abstract
note_struggle struggle,struggle struggle,action
note_strut strut,strut strut,action
note_stub stub,stub stub,life
note_stubborn stubborn,stubborn stubborn,mind
note_stubbornness stubbornness,stubbornness stubbornness,mind
note_student student,student student,abstract
note_studied studied,studied studied,abstract
note_studies studies,studies studies,abstract
note_studio studio,studio studio,arts
note_study study,study study,abstract
note_stuff stuff,stuff stuff,life
note_stuffy stuffy,stuffy stuffy,abstract
note_stultify stultify,stultify stultify,action
note_stumble stumble,stumble stumble,action
note_stun stun,stun stun,action
note_stunning stunning,stunning stunning,abstract
note_stunt stunt,stunt stunt,action
note_stupefy stupefy,stupefy stupefy,mind
note_stupendous stupendous,stupendous stupendous,abstract
note_stupid stupid,stupid stupid,mind
note_stupor stupor,stupor stupor,mind
note_sturdy sturdy,sturdy sturdy,abstract
note_stutter stutter,stutter stutter,mind
note_stygian stygian,stygian stygian,abstract
note_style style,style style,arts
note_styles styles,styles styles,arts
note_stylized stylized,stylized stylized,arts
note_stylus stylus,stylus stylus,tech
note_stymie stymie,stymie stymie,action
note_subcommittee subcommittee,subcommittee subcommittee,society
note_subdiscipline subdiscipline,subdiscipline subdiscipline,abstract
note_subdivide subdivide,subdivide subdivide,action
note_subdivision subdivision,subdivision subdivision,abstract
note_subduct subduct,subduct subduct,action
note_subdue subdue,subdue subdue,action
note_subdued subdued,subdued subdued,mind
note_subject subject,subject subject,abstract
note_subjected subjected,subjected subjected,abstract
note_subjection subjection,subjection subjection,abstract
note_subjective subjective,subjective subjective,abstract
note_subjects subjects,subjects subjects,abstract
note_subjugate subjugate,subjugate subjugate,action
note_subjugation subjugation,subjugation subjugation,abstract
note_sublimate sublimate,sublimate sublimate,action
note_sublime sublime,sublime sublime,abstract
note_subliminal subliminal,subliminal subliminal,mind
note_submarine submarine,submarine submarine,tech
note_submerge submerge,submerge submerge,action
note_submerged submerged,submerged submerged,abstract
note_submission submission,submission submission,abstract
note_submissive submissive,submissive submissive,mind
note_submit submit,submit submit,action
note_subordinate subordinate,subordinate subordinate,abstract
note_suborn suborn,suborn suborn,action
note_subpoena subpoena,subpoena subpoena,society
note_subscribe subscribe,subscribe subscribe,action
note_subscript subscript,subscript subscript,tech
note_subscription subscription,subscription subscription,business
note_subsection subsection,subsection subsection,abstract
note_subsequent subsequent,subsequent subsequent,abstract
note_subsequently subsequently,subsequently subsequently,abstract
note_subside subside,subside subside,action
note_subsidiary subsidiary,subsidiary subsidiary,business
note_subsidize subsidize,subsidize subsidize,action
note_subsidy subsidy,subsidy subsidy,business
note_subsist subsist,subsist subsist,life
note_subsistence subsistence,subsistence subsistence,abstract
note_subspecies subspecies,subspecies subspecies,nature
note_substance substance,substance substance,abstract
note_substantial substantial,substantial substantial,abstract
note_substantially substantially,substantially substantially,abstract
note_substantiate substantiate,substantiate substantiate,action
note_substantive substantive,substantive substantive,abstract
note_substitute substitute,substitute substitute,abstract
note_substratum substratum,substratum substratum,science
note_subsume subsume,subsume subsume,abstract
note_subterfuge subterfuge,subterfuge subterfuge,abstract
note_subterranean subterranean,subterranean subterranean,nature
note_subtitle subtitle,subtitle subtitle,arts
note_subtitles subtitles,subtitles subtitles,arts
note_subtle subtle,subtle subtle,abstract
note_subtract subtract,subtract subtract,science
note_subtraction subtraction,subtraction subtraction,science
note_subtractive subtractive,subtractive subtractive,science
note_suburb suburb,suburb suburb,life
note_suburbanite suburbanite,suburbanite suburbanite,society
note_suburbanization suburbanization,suburbanization suburbanization,society
note_subvention subvention,subvention subvention,business
note_subversive subversive,subversive subversive,society
note_subvert subvert,subvert subvert,action
note_subway subway,subway subway,life
note_succeed succeed,succeed succeed,action
note_success success,success success,abstract
note_successful successful,successful successful,abstract
note_successfully successfully,successfully successfully,abstract
note_succession succession,succession succession,abstract
note_successive successive,successive successive,abstract
note_successor successor,successor successor,business
note_succinct succinct,succinct succinct,abstract
note_succor succor,succor succor,action
note_succumb succumb,succumb succumb,action
note_such such,such such,abstract
note_suck suck,suck suck,action
note_sudden sudden,sudden sudden,abstract
note_suddenly suddenly,suddenly suddenly,abstract
note_sue sue,sue sue,society
note_suffer suffer,suffer suffer,mind
note_suffering suffering,suffering suffering,mind
note_suffice suffice,suffice suffice,action
note_sufficiency sufficiency,sufficiency sufficiency,abstract
note_sufficient sufficient,sufficient sufficient,abstract
note_sufficiently sufficiently,sufficiently sufficiently,abstract
note_suffocate suffocate,suffocate suffocate,action
note_suffrage suffrage,suffrage suffrage,society
note_suffragist suffragist,suffragist suffragist,society
note_suffuse suffuse,suffuse suffuse,action
note_sugar sugar,sugar sugar,life
note_suggest suggest,suggest suggest,action
note_suggestion suggestion,suggestion suggestion,abstract
note_suggestions suggestions,suggestions suggestions,abstract
note_suggestive suggestive,suggestive suggestive,abstract
note_suicide suicide,suicide suicide,mind
note_suit suit,suit suit,life
note_suitable suitable,suitable suitable,abstract
note_suitcase suitcase,suitcase suitcase,life
note_suite suite,suite suite,life
note_suited suited,suited suited,abstract
note_sulfur sulfur,sulfur sulfur,science
note_sulky sulky,sulky sulky,mind
note_sullen sullen,sullen sullen,mind
note_sully sully,sully sully,action
note_sulphur sulphur,sulphur sulphur,science
note_sultry sultry,sultry sultry,nature
note_sum sum,sum sum,abstract
note_summarily summarily,summarily summarily,abstract
note_summarize summarize,summarize summarize,action
note_summary summary,summary summary,abstract
note_summation summation,summation summation,abstract
note_summer summer,summer summer,nature
note_summit summit,summit summit,abstract
note_summon summon,summon summon,action
note_sumptuous sumptuous,sumptuous sumptuous,abstract
note_sun sun,sun sun,nature
note_sunburn sunburn,sunburn sunburn,mind
note_sunburnt sunburnt,sunburnt sunburnt,mind
note_sunday sunday,sunday sunday,life
note_sunder sunder,sunder sunder,action
note_sundial sundial,sundial sundial,tech
note_sundry sundry,sundry sundry,abstract
note_sunflower sunflower,sunflower sunflower,nature
note_sunglasses sunglasses,sunglasses sunglasses,life
note_sunlight sunlight,sunlight sunlight,nature
note_sunlit sunlit,sunlit sunlit,abstract
note_sunny sunny,sunny sunny,nature
note_sunrise sunrise,sunrise sunrise,nature
note_sunset sunset,sunset sunset,nature
note_sunshine sunshine,sunshine sunshine,nature
note_super super,super super,abstract
note_superannuated superannuated,superannuated superannuated,abstract
note_superb superb,superb superb,abstract
note_supercilious supercilious,supercilious supercilious,mind
note_supercontinent supercontinent,supercontinent supercontinent,nature
note_superficial superficial,superficial superficial,abstract
note_superficiality superficiality,superficiality superficiality,abstract
note_superficially superficially,superficially superficially,abstract
note_superfluity superfluity,superfluity superfluity,abstract
note_superfluous superfluous,superfluous superfluous,abstract
note_superheat superheat,superheat superheat,action
note_superimpose superimpose,superimpose superimpose,action
note_superintend superintend,superintend superintend,action
note_superintendent superintendent,superintendent superintendent,society
note_superior superior,superior superior,abstract
note_superiority superiority,superiority superiority,abstract
note_superlative superlative,superlative superlative,abstract
note_superman superman,superman superman,abstract
note_supermarket supermarket,supermarket supermarket,life
note_supernatural supernatural,supernatural supernatural,abstract
note_supernova supernova,supernova supernova,science
note_supersede supersede,supersede supersede,action
note_supersonic supersonic,supersonic supersonic,tech
note_superstition superstition,superstition superstition,abstract
note_superstitious superstitious,superstitious superstitious,mind
note_superstructure superstructure,superstructure superstructure,abstract
note_supervise supervise,supervise supervise,action
note_supervision supervision,supervision supervision,abstract
note_supervisor supervisor,supervisor supervisor,business
note_supine supine,supine supine,abstract
note_supper supper,supper supper,life
note_supplant supplant,supplant supplant,action
note_supple supple,supple supple,abstract
note_supplement supplement,supplement supplement,abstract
note_supplementary supplementary,supplementary supplementary,abstract
note_supplementation supplementation,supplementation supplementation,abstract
note_suppliant suppliant,suppliant suppliant,abstract
note_supplicant supplicant,supplicant supplicant,abstract
note_supplicate supplicate,supplicate supplicate,action
note_supply supply,supply supply,business
note_support support,support support,action
note_suppose suppose,suppose suppose,mind
note_supposedly supposedly,supposedly supposedly,abstract
note_supposition supposition,supposition supposition,abstract
note_suppress suppress,suppress suppress,action
note_supremacy supremacy,supremacy supremacy,abstract
note_supreme supreme,supreme supreme,abstract
note_supremely supremely,supremely supremely,abstract
note_surcharge surcharge,surcharge surcharge,business
note_sure sure,sure sure,abstract
note_surely surely,surely surely,abstract
note_surface surface,surface surface,abstract
note_surfeit surfeit,surfeit surfeit,abstract
note_surge surge,surge surge,action
note_surgeon surgeon,surgeon surgeon,mind
note_surgery surgery,surgery surgery,mind
note_surging surging,surging surging,action
note_surly surly,surly surly,mind
note_surmise surmise,surmise surmise,mind
note_surmount surmount,surmount surmount,action
note_surname surname,surname surname,society
note_surpass surpass,surpass surpass,action
note_surpassingly surpassingly,surpassingly surpassingly,abstract
note_surplus surplus,surplus surplus,abstract
note_surprise surprise,surprise surprise,mind
note_surprising surprising,surprising surprising,abstract
note_surprisingly surprisingly,surprisingly surprisingly,abstract
note_surrealism surrealism,surrealism surrealism,arts
note_surrender surrender,surrender surrender,action
note_surreptitious surreptitious,surreptitious surreptitious,abstract
note_surrogate surrogate,surrogate surrogate,abstract
note_surround surround,surround surround,action
note_surrounding surrounding,surrounding surrounding,abstract
note_surroundings surroundings,surroundings surroundings,abstract
note_surveillance surveillance,surveillance surveillance,society
note_survey survey,survey survey,abstract
note_surveyor surveyor,surveyor surveyor,business
note_survivability survivability,survivability survivability,abstract
note_survival survival,survival survival,abstract
note_survive survive,survive survive,action
note_survivor survivor,survivor survivor,abstract
note_susceptibility susceptibility,susceptibility susceptibility,abstract
note_susceptible susceptible,susceptible susceptible,abstract
note_suspect suspect,suspect suspect,mind
note_suspend suspend,suspend suspend,action
note_suspender suspender,suspender suspender,life
note_suspense suspense,suspense suspense,mind
note_suspension suspension,suspension suspension,tech
note_suspicion suspicion,suspicion suspicion,mind
note_suspicious suspicious,suspicious suspicious,mind
note_sustain sustain,sustain sustain,action
note_sustained sustained,sustained sustained,abstract
note_sustenance sustenance,sustenance sustenance,abstract
note_suture suture,suture suture,mind
note_svelte svelte,svelte svelte,abstract
note_swagger swagger,swagger swagger,action
note_swallo swallow,swallo swallow,action
note_swamp swamp,swamp swamp,nature
note_swampy swampy,swampy swampy,nature
note_swan swan,swan swan,nature
note_swank swank,swank swank,abstract
note_swap swap,swap swap,action
note_swarm swarm,swarm swarm,nature
note_swarthy swarthy,swarthy swarthy,abstract
note_sway sway,sway sway,action
note_swear swear,swear swear,action
note_sweat sweat,sweat sweat,life
note_sweater sweater,sweater sweater,life
note_sweep sweep,sweep sweep,action
note_sweeping sweeping,sweeping sweeping,abstract
note_sweet sweet,sweet sweet,life
note_sweeten sweeten,sweeten sweeten,action
note_sweetness sweetness,sweetness sweetness,abstract
note_swell swell,swell swell,action
note_swelling swelling,swelling swelling,mind
note_swelter swelter,swelter swelter,action
note_sweltering sweltering,sweltering sweltering,nature
note_swerve swerve,swerve swerve,action
note_swift swift,swift swift,abstract
note_swiftness swiftness,swiftness swiftness,abstract
note_swill swill,swill swill,life
note_swim swim,swim swim,life
note_swimming swimming,swimming swimming,action
note_swindle swindle,swindle swindle,action
note_swine swine,swine swine,nature
note_swing swing,swing swing,action
note_swipe swipe,swipe swipe,action
note_swirl swirl,swirl swirl,action
note_swiss swiss,swiss swiss,abstract
note_switch switch,switch switch,tech
note_switzerland switzerland,switzerland switzerland,society
note_sword sword,sword sword,life
note_sybarite sybarite,sybarite sybarite,abstract
note_sybaritic sybaritic,sybaritic sybaritic,abstract
note_sycophant sycophant,sycophant sycophant,society
note_sydney sydney,sydney sydney,society
note_syllable syllable,syllable syllable,arts
note_syllabus syllabus,syllabus syllabus,abstract
note_symbiosis symbiosis,symbiosis symbiosis,science
note_symbiotic symbiotic,symbiotic symbiotic,science
note_symbol symbol,symbol symbol,abstract
note_symbolism symbolism,symbolism symbolism,arts
note_symbolize symbolize,symbolize symbolize,action
note_symbology symbology,symbology symbology,abstract
note_symmetrical symmetrical,symmetrical symmetrical,abstract
note_symmetry symmetry,symmetry symmetry,science
note_sympathetic sympathetic,sympathetic sympathetic,mind
note_sympathize sympathize,sympathize sympathize,mind
note_sympathy sympathy,sympathy sympathy,mind
note_symphony symphony,symphony symphony,arts
note_symposium symposium,symposium symposium,abstract
note_symptom symptom,symptom symptom,mind
note_synchronize synchronize,synchronize synchronize,tech
note_synchronous synchronous,synchronous synchronous,tech
note_syndicate syndicate,syndicate syndicate,business
note_syndrome syndrome,syndrome syndrome,mind
note_synergic synergic,synergic synergic,abstract
note_synonym synonym,synonym synonym,arts
note_synonymous synonymous,synonymous synonymous,abstract
note_synopsis synopsis,synopsis synopsis,abstract
note_synoptic synoptic,synoptic synoptic,science
note_synthesis synthesis,synthesis synthesis,science
note_synthesize synthesize,synthesize synthesize,tech
note_synthesizer synthesizer,synthesizer synthesizer,tech
note_synthetic synthetic,synthetic synthetic,science
note_syringe syringe,syringe syringe,tech
note_syrup syrup,syrup syrup,life
note_system system,system system,abstract
note_systematic systematic,systematic systematic,abstract
note_systematical systematical,systematical systematical,abstract
note_systematically systematically,systematically systematically,abstract
note_systematize systematize,systematize systematize,action
note_systems systems,systems systems,abstract
note_t-shirt t-shirt,t-shirt t-shirt,life
note_table table,table table,life
note_tableland tableland,tableland tableland,nature
note_tables tables,tables tables,life
note_tablet tablet,tablet tablet,tech
note_tablets tablets,tablets tablets,tech
note_tableware tableware,tableware tableware,life
note_taboo taboo,taboo taboo,society
note_tabulate tabulate,tabulate tabulate,action
note_tacit tacit,tacit tacit,abstract
note_taciturn taciturn,taciturn taciturn,mind
note_tack tack,tack tack,action
note_tackiness tackiness,tackiness tackiness,abstract
note_tackle tackle,tackle tackle,action
note_tact tact,tact tact,mind
note_tactic tactic,tactic tactic,abstract
note_tactics tactics,tactics tactics,abstract
note_tactile tactile,tactile tactile,mind
note_tadpole tadpole,tadpole tadpole,nature
note_tag tag,tag tag,action
note_tail tail,tail tail,nature
note_tailor tailor,tailor tailor,life
note_taint taint,taint taint,action
note_take take,take take,action
note_taking taking,taking taking,abstract
note_tale tale,tale tale,arts
note_talent talent,talent talent,abstract
note_talented talented,talented talented,mind
note_talisman talisman,talisman talisman,abstract
note_talk talk,talk talk,action
note_tall tall,tall tall,abstract
note_tally tally,tally tally,action
note_talon talon,talon talon,nature
note_tambourine tambourine,tambourine tambourine,arts
note_tame tame,tame tame,nature
note_tamp tamp,tamp tamp,action
note_tamper tamper,tamper tamper,action
note_tan tan,tan tan,action
note_tangential tangential,tangential tangential,abstract
note_tangible tangible,tangible tangible,abstract
note_tangle tangle,tangle tangle,action
note_tango tango,tango tango,arts
note_tangy tangy,tangy tangy,abstract
note_tank tank,tank tank,tech
note_tanker tanker,tanker tanker,tech
note_tantalize tantalize,tantalize tantalize,mind
note_tantamount tantamount,tantamount tantamount,abstract
note_tantrum tantrum,tantrum tantrum,mind
note_tap tap,tap tap,action
note_tape tape,tape tape,tech
note_taper taper,taper taper,action
note_tapering tapering,tapering tapering,abstract
note_tapestry tapestry,tapestry tapestry,arts
note_tapeworm tapeworm,tapeworm tapeworm,nature
note_tar tar,tar tar,nature
note_tardiness tardiness,tardiness tardiness,mind
note_tardy tardy,tardy tardy,mind
note_tare tare,tare tare,abstract
note_target target,target target,action
note_tariff tariff,tariff tariff,business
note_tarnish tarnish,tarnish tarnish,action
note_tarpaulin tarpaulin,tarpaulin tarpaulin,life
note_tarry tarry,tarry tarry,action
note_tart tart,tart tart,abstract
note_task task,task task,abstract
note_taste taste,taste taste,mind
note_tasteless tasteless,tasteless tasteless,abstract
note_tasty tasty,tasty tasty,life
note_tattered tattered,tattered tattered,abstract
note_tatty tatty,tatty tatty,abstract
note_taunt taunt,taunt taunt,mind
note_taut taut,taut taut,abstract
note_tauten tauten,tauten tauten,action
note_tautological tautological,tautological tautological,abstract
note_tavern tavern,tavern tavern,life
note_tawdry tawdry,tawdry tawdry,abstract
note_tax tax,tax tax,business
note_taxation taxation,taxation taxation,business
note_taxi taxi,taxi taxi,life
note_taxicab taxicab,taxicab taxicab,life
note_taxing taxing,taxing taxing,abstract
note_taxonomist taxonomist,taxonomist taxonomist,science
note_tea tea,tea tea,life
note_teach teach,teach teach,action
note_teacher teacher,teacher teacher,abstract
note_teaching teaching,teaching teaching,abstract
note_team team,team team,abstract
note_teams teams,teams teams,abstract
note_teamwork teamwork,teamwork teamwork,abstract
note_teapot teapot,teapot teapot,life
note_tear tear,tear tear,action
note_tease tease,tease tease,mind
note_technical technical,technical technical,abstract
note_technician technician,technician technician,business
note_technique technique,technique technique,abstract
note_techniques techniques,techniques techniques,abstract
note_technocrat technocrat,technocrat technocrat,society
note_technology technology,technology technology,tech
note_tectonics tectonics,tectonics tectonics,science
note_tedious tedious,tedious tedious,abstract
note_tedium tedium,tedium tedium,mind
note_teem teem,teem teem,action
note_teenager teenager,teenager teenager,society
note_teens teens,teens teens,abstract
note_teeter teeter,teeter teeter,action
note_teeth teeth,teeth teeth,mind
note_teetotal teetotal,teetotal teetotal,mind
note_telecommuter telecommuter,telecommuter telecommuter,business
note_telegram telegram,telegram telegram,tech
note_telegraph telegraph,telegraph telegraph,tech
note_telephone telephone,telephone telephone,tech
note_telescope telescope,telescope telescope,tech
note_televise televise,televise televise,tech
note_television television,television television,tech
note_telex telex,telex telex,tech
note_tell tell,tell tell,action
note_telling telling,telling telling,abstract
note_temerity temerity,temerity temerity,mind
note_temp temp,temp temp,abstract
note_temper temper,temper temper,mind
note_temperament temperament,temperament temperament,mind
note_temperamental temperamental,temperamental temperamental,mind
note_temperance temperance,temperance temperance,abstract
note_temperate temperate,temperate temperate,abstract
note_temperature temperature,temperature temperature,science
note_tempest tempest,tempest tempest,nature
note_tempestuous tempestuous,tempestuous tempestuous,abstract
note_temple temple,temple temple,arts
note_temples temples,temples temples,arts
note_tempo tempo,tempo tempo,arts
note_temporal temporal,temporal temporal,abstract
note_temporarily temporarily,temporarily temporarily,abstract
note_temporary temporary,temporary temporary,abstract
note_temporize temporize,temporize temporize,action
note_tempt tempt,tempt tempt,mind
note_temptation temptation,temptation temptation,mind
note_tempting tempting,tempting tempting,mind
note_ten ten,ten ten,abstract
note_tenable tenable,tenable tenable,abstract
note_tenacious tenacious,tenacious tenacious,mind
note_tenacity tenacity,tenacity tenacity,mind
note_tenancy tenancy,tenancy tenancy,business
note_tenant tenant,tenant tenant,business
note_tend tend,tend tend,action
note_tendency tendency,tendency tendency,abstract
note_tendentious tendentious,tendentious tendentious,abstract
note_tender tender,tender tender,mind
note_tenderness tenderness,tenderness tenderness,mind
note_tendinous tendinous,tendinous tendinous,mind
note_tenement tenement,tenement tenement,life
note_tenet tenet,tenet tenet,abstract
note_tennis tennis,tennis tennis,life
note_tenor tenor,tenor tenor,arts
note_tense tense,tense tense,mind
note_tensile tensile,tensile tensile,abstract
note_tension tension,tension tension,mind
note_tent tent,tent tent,life
note_tentacle tentacle,tentacle tentacle,nature
note_tentative tentative,tentative tentative,abstract
note_tenth tenth,tenth tenth,abstract
note_tenuous tenuous,tenuous tenuous,abstract
note_tenure tenure,tenure tenure,abstract
note_tepid tepid,tepid tepid,abstract
note_term term,term term,abstract
note_terminal terminal,terminal terminal,tech
note_terminate terminate,terminate terminate,action
note_termination termination,termination termination,abstract
note_terminology terminology,terminology terminology,abstract
note_terminus terminus,terminus terminus,abstract
note_termite termite,termite termite,nature
note_terms terms,terms terms,abstract
note_terrace terrace,terrace terrace,life
note_terrain terrain,terrain terrain,nature
note_terrestrial terrestrial,terrestrial terrestrial,nature
note_terrible terrible,terrible terrible,abstract
note_terribly terribly,terribly terribly,abstract
note_terrific terrific,terrific terrific,abstract
note_terrify terrify,terrify terrify,mind
note_terrifying terrifying,terrifying terrifying,abstract
note_territorial territorial,territorial territorial,society
note_territory territory,territory territory,society
note_terror terror,terror terror,mind
note_terrorist terrorist,terrorist terrorist,society
note_terse terse,terse terse,abstract
note_tertiary tertiary,tertiary tertiary,abstract
note_test test,test test,abstract
note_testament testament,testament testament,society
note_testator testator,testator testator,society
note_testify testify,testify testify,action
note_testimony testimony,testimony testimony,abstract
note_testiness testiness,testiness testiness,mind
note_testy testy,testy testy,mind
note_tether tether,tether tether,action
note_text text,text text,abstract
note_textbook textbook,textbook textbook,abstract
note_textile textile,textile textile,tech
note_texture texture,texture texture,abstract
note_textured textured,textured textured,abstract
note_than than,than than,abstract
note_thank thank,thank thank,action
note_thankful thankful,thankful thankful,mind
note_thanksgiving thanksgiving,thanksgiving thanksgiving,abstract
note_that that,that that,abstract
note_thatch thatch,thatch thatch,life
note_thaw thaw,thaw thaw,nature
note_the the,the the,abstract
note_theater theater,theater theater,arts
note_theatre theatre,theatre theatre,arts
note_theft theft,theft theft,society
note_their their,their their,abstract
note_theirs theirs,theirs theirs,abstract
note_theist theist,theist theist,abstract
note_them them,them them,abstract
note_thematic thematic,thematic thematic,abstract
note_theme theme,theme theme,abstract
note_themselves themselves,themselves themselves,abstract
note_then then,then then,abstract
note_theocracy theocracy,theocracy theocracy,society
note_theological theological,theological theological,abstract
note_theorem theorem,theorem theorem,science
note_theoretical theoretical,theoretical theoretical,abstract
note_theory theory,theory theory,abstract
note_therapeutic therapeutic,therapeutic therapeutic,mind
note_therapist therapist,therapist therapist,mind
note_therapy therapy,therapy therapy,mind
note_there there,there there,abstract
note_thereafter thereafter,thereafter thereafter,abstract
note_thereby thereby,thereby thereby,abstract
note_therefore therefore,therefore therefore,abstract
note_therein therein,therein therein,abstract
note_thereof thereof,thereof thereof,abstract
note_thermal thermal,thermal thermal,science
note_thermodynamics thermodynamics,thermodynamics thermodynamics,science
note_thermometer thermometer,thermometer thermometer,tech
note_thermos thermos,thermos thermos,life
note_thesaurus thesaurus,thesaurus thesaurus,abstract
note_these these,these these,abstract
note_thesis thesis,thesis thesis,abstract
note_thespian thespian,thespian thespian,arts
note_they they,they they,abstract
note_thick thick,thick thick,abstract
note_thicken thicken,thicken thicken,action
note_thicket thicket,thicket thicket,nature
note_thickness thickness,thickness thickness,abstract
note_thief thief,thief thief,society
note_thigh thigh,thigh thigh,mind
note_thin thin,thin thin,abstract
note_thing thing,thing thing,abstract
note_think think,think think,mind
note_thinking thinking,thinking thinking,mind
note_third third,third third,abstract
note_thirdly thirdly,thirdly thirdly,abstract
note_thirst thirst,thirst thirst,mind
note_thirsty thirsty,thirsty thirsty,mind
note_thirteen thirteen,thirteen thirteen,abstract
note_thirty thirty,thirty thirty,abstract
note_this this,this this,abstract
note_thorn thorn,thorn thorn,nature
note_thorny thorny,thorny thorny,abstract
note_thorough thorough,thorough thorough,abstract
note_thoroughly thoroughly,thoroughly thoroughly,abstract
note_those those,those those,abstract
note_though though,though though,abstract
note_thought thought,thought thought,mind
note_thoughtful thoughtful,thoughtful thoughtful,mind
note_thoughtless thoughtless,thoughtless thoughtless,mind
note_thoughts thoughts,thoughts thoughts,mind
note_thousand thousand,thousand thousand,abstract
note_thousand-fold thousand-fold,thousand-fold thousand-fold,abstract
note_thousandfold thousandfold,thousandfold thousandfold,abstract
note_thrall thrall,thrall thrall,abstract
note_thrash thrash,thrash thrash,action
note_thread thread,thread thread,tech
note_threadbare threadbare,threadbare threadbare,abstract
note_threadlike threadlike,threadlike threadlike,abstract
note_threat threat,threat threat,abstract
note_threaten threaten,threaten threaten,mind
note_threateningly threateningly,threateningly threateningly,abstract
note_threats threats,threats threats,abstract
note_three three,three three,abstract
note_three-dimensional three-dimensional,three-dimensional three-dimensional,abstract
note_thresh thresh,thresh thresh,action
note_threshold threshold,threshold threshold,abstract
note_thrift thrift,thrift thrift,abstract
note_thriftless thriftless,thriftless thriftless,abstract
note_thrifty thrifty,thrifty thrifty,mind
note_thrill thrill,thrill thrill,mind
note_thriller thriller,thriller thriller,arts
note_thrive thrive,thrive thrive,action
note_throat throat,throat throat,mind
note_throes throes,throes throes,mind
note_throne throne,throne throne,society
note_throng throng,throng throng,action
note_throttle throttle,throttle throttle,tech
note_through through,through through,abstract
note_throughout throughout,throughout throughout,abstract
note_throw throw,throw throw,action
note_throwback throwback,throwback throwback,abstract
note_thrust thrust,thrust thrust,action
note_thumb thumb,thumb thumb,action
note_thump thump,thump thump,action
note_thunder thunder,thunder thunder,nature
note_thunderstorm thunderstorm,thunderstorm thunderstorm,nature
note_thursday thursday,thursday thursday,life
note_thus thus,thus thus,abstract
note_thwart thwart,thwart thwart,action
note_tibet tibet,tibet tibet,society
note_tick tick,tick tick,action
note_ticket ticket,ticket ticket,business
note_tickets tickets,tickets tickets,business
note_tickle tickle,tickle tickle,mind
note_tickler tickler,tickler tickler,abstract
note_ticklish ticklish,ticklish ticklish,mind
note_tide tide,tide tide,nature
note_tidy tidy,tidy tidy,action
note_tie tie,tie tie,action
note_tiff tiff,tiff tiff,mind
note_tiger tiger,tiger tiger,nature
note_tight tight,tight tight,abstract
note_tighten tighten,tighten tighten,action
note_tightfisted tightfisted,tightfisted tightfisted,mind
note_tightly tightly,tightly tightly,abstract
note_tile tile,tile tile,life
note_tiles tiles,tiles tiles,life
note_till till,till till,abstract
note_tilt tilt,tilt tilt,action
note_timber timber,timber timber,nature
note_timbre timbre,timbre timbre,abstract
note_time time,time time,abstract
note_time-consuming time-consuming,time-consuming time-consuming,abstract
note_timely timely,timely timely,abstract
note_timetable timetable,timetable timetable,abstract
note_timeworn timeworn,timeworn timeworn,abstract
note_timid timid,timid timid,mind
note_timidity timidity,timidity timidity,mind
note_timorous timorous,timorous timorous,mind
note_tin tin,tin tin,nature
note_tinder tinder,tinder tinder,life
note_tined tined,tined tined,abstract
note_tinge tinge,tinge tinge,action
note_tingle tingle,tingle tingle,mind
note_tinker tinker,tinker tinker,action
note_tinplate tinplate,tinplate tinplate,tech
note_tint tint,tint tint,action
note_tiny tiny,tiny tiny,abstract
note_tip tip,tip tip,action
note_tipple tipple,tipple tipple,action
note_tirade tirade,tirade tirade,abstract
note_tire tire,tire tire,action
note_tired tired,tired tired,mind
note_tiresome tiresome,tiresome tiresome,abstract
note_tissue tissue,tissue tissue,mind
note_titanic titanic,titanic titanic,abstract
note_title title,title title,abstract
note_titular titular,titular titular,abstract
note_to to,to to,abstract
note_toad toad,toad toad,nature
note_toady toady,toady toady,mind
note_toast toast,toast toast,life
note_tobacco tobacco,tobacco tobacco,life
note_today today,today today,abstract
note_toddle toddle,toddle toddle,action
note_toe toe,toe toe,mind
note_toed toed,toed toed,abstract
note_together together,together together,abstract
note_toil toil,toil toil,action
note_toilet toilet,toilet toilet,life
note_token token,token token,abstract
note_tokyo tokyo,tokyo tokyo,society
note_tolerable tolerable,tolerable tolerable,abstract
note_tolerance tolerance,tolerance tolerance,mind
note_tolerant tolerant,tolerant tolerant,mind
note_tolerate tolerate,tolerate tolerate,mind
note_toll toll,toll toll,business
note_tomato tomato,tomato tomato,nature
note_tomb tomb,tomb tomb,life
note_tombstone tombstone,tombstone tombstone,life
note_tomorrow tomorrow,tomorrow tomorrow,abstract
note_ton ton,ton ton,abstract
note_tone tone,tone tone,abstract
note_tones tones,tones tones,abstract
note_tongs tongs,tongs tongs,life
note_tongue tongue,tongue tongue,mind
note_tonic tonic,tonic tonic,mind
note_tonight tonight,tonight tonight,abstract
note_tonsorial tonsorial,tonsorial tonsorial,life
note_too too,too too,abstract
note_tool tool,tool tool,tech
note_tools tools,tools tools,tech
note_tooth tooth,tooth tooth,mind
note_toothache toothache,toothache toothache,mind
note_toothbrush toothbrush,toothbrush toothbrush,life
note_toothed toothed,toothed toothed,abstract
note_toothpaste toothpaste,toothpaste toothpaste,life
note_top top,top top,abstract
note_topic topic,topic topic,abstract
note_topics topics,topics topics,abstract
note_topographical topographical,topographical topographical,science
note_topography topography,topography topography,science
note_topple topple,topple topple,action
note_topsoil topsoil,topsoil topsoil,nature
note_topsy-turvy topsy-turvy,topsy-turvy topsy-turvy,abstract
note_torch torch,torch torch,life
note_torment torment,torment torment,mind
note_tornado tornado,tornado tornado,nature
